<?xml version="1.0" encoding="UTF-8"?>
<beans xmlns="http://www.springframework.org/schema/beans"
	xmlns:xsi="http://www.w3.org/2001/XMLSchema-instance"
	xmlns:context="http://www.springframework.org/schema/context"
	xsi:schemaLocation="
        http://www.springframework.org/schema/beans 
        http://www.springframework.org/schema/beans/spring-beans.xsd
        http://www.springframework.org/schema/context 
        http://www.springframework.org/schema/context/spring-context.xsd">

	<import resource="classpath:/de/bps/course/nodes/cl/_spring/buildingblockContext.xml"/>
	<import resource="classpath:/de/bps/course/nodes/den/_spring/buildingblockContext.xml"/>
	<import resource="classpath:/de/bps/course/nodes/ll/_spring/buildingblockContext.xml"/>
	<import resource="classpath:/de/bps/course/nodes/vc/_spring/buildingblockContext.xml"/>
	<import resource="classpath:/de/bps/course/nodes/vc/_spring/vcContext.xml"/>
	<import resource="classpath:/de/bps/course/nodes/vc/provider/adobe/_spring/adobeContext.xml"/>
	<import resource="classpath:/de/bps/course/nodes/vc/provider/wimba/_spring/wimbaContext.xml"/>
	<import resource="classpath:/de/bps/olat/user/_spring/changeEmailContext.xml"/>
  
</beans>