<?xml version="1.0" encoding="UTF-8"?>
<beans xmlns="http://www.springframework.org/schema/beans"
	xmlns:xsi="http://www.w3.org/2001/XMLSchema-instance"
	xsi:schemaLocation="
  http://www.springframework.org/schema/beans 
  http://www.springframework.org/schema/beans/spring-beans.xsd">

	<!-- generic OLAT extensions -->
	<bean id="extmanager" class="org.olat.core.extensions.ExtManager" />

	<!-- classes implementing the Extension interface -->
	<!-- Locations that implement action extensions: SystemAdminMainController, ArchiverMaincontroller -->
	
<!-- SYSADMIN extension for admin site for OLAT setup -->


	<!-- The system menu point -->
	<bean class="org.olat.core.extensions.action.GenericActionExtension" init-method="initExtensionPoints">
		<property name="order" value="7100" />
		<property name="actionController">	
			<bean class="org.olat.core.gui.control.creator.AutoCreator" scope="prototype">
				<property name="className" value="org.olat.admin.sysinfo.SysinfoController"/>
			</bean>
		</property>
		<property name="navigationKey" value="system" />
		<property name="nodeIdentifierIfParent" value="systemParent" />
		<property name="translationPackage" value="org.olat.admin" />
		<property name="i18nActionKey" value="menu.system" />
		<property name="i18nDescriptionKey" value="menu.system.alt" />
		<property name="extensionPoints">
			<list>
				<value>org.olat.admin.SystemAdminMainController</value>
			</list>
		</property>
	</bean>
	
	<!-- The Module parent node -->
	<bean class="org.olat.core.extensions.action.GenericActionExtension"  init-method="initExtensionPoints">
		<property name="order" value="7300" />
		<property name="navigationKey" value="loginandsecurity" />
		<property name="nodeIdentifierIfParent" value="loginAndSecurityParent" />
		<property name="translationPackage" value="org.olat.admin" />
		<property name="i18nActionKey" value="menu.login" />
		<property name="i18nDescriptionKey" value="menu.login.alt" />
		<property name="extensionPoints">
			<list>
				<value>org.olat.admin.SystemAdminMainController</value>
			</list>
		</property>
	</bean>
	
	<!--  the "systemconfig" parent node -->
	<bean class="org.olat.core.extensions.action.GenericActionExtension"  init-method="initExtensionPoints">
		<property name="order" value="7200" />
		<property name="actionController">	
			<bean class="org.olat.core.gui.control.creator.AutoCreator" scope="prototype">
				<property name="className" value="org.olat.admin.sysinfo.CoreFunctionsController"/>
			</bean>
		</property>
		<property name="navigationKey" value="sysconfig" />
		<property name="nodeIdentifierIfParent" value="sysconfigParent" />
		<property name="translationPackage" value="org.olat.admin" />
		<property name="i18nActionKey" value="menu.config" />
		<property name="i18nDescriptionKey" value="menu.config.alt" />
		<property name="extensionPoints">
			<list>
				<value>org.olat.admin.SystemAdminMainController</value>
			</list>
		</property>
	</bean>	 
	
	<!-- The Module parent node -->
	<bean class="org.olat.core.extensions.action.GenericActionExtension"  init-method="initExtensionPoints">
		<property name="order" value="7400" />
		<property name="navigationKey" value="modules" />
		<property name="nodeIdentifierIfParent" value="modulesParent" />
		<property name="translationPackage" value="org.olat.admin" />
		<property name="i18nActionKey" value="menu.module" />
		<property name="i18nDescriptionKey" value="menu.module.alt" />
		<property name="extensionPoints">
			<list>
				<value>org.olat.admin.SystemAdminMainController</value>
			</list>
		</property>
	</bean>
	
	<!-- The e-Assessment parent node -->
	<bean class="org.olat.core.extensions.action.GenericActionExtension"  init-method="initExtensionPoints">
		<property name="order" value="7420" />
		<property name="navigationKey" value="eassessment" />
		<property name="nodeIdentifierIfParent" value="eAssessmentParent" />
		<property name="translationPackage" value="org.olat.admin" />
		<property name="i18nActionKey" value="menu.eassessment" />
		<property name="i18nDescriptionKey" value="menu.eassessment.alt" />
		<property name="extensionPoints">
			<list>
				<value>org.olat.admin.SystemAdminMainController</value>
			</list>
		</property>
	</bean>
	
	<!-- The external tools parent node -->
	<bean class="org.olat.core.extensions.action.GenericActionExtension"  init-method="initExtensionPoints">
		<property name="order" value="7450" />
		<property name="navigationKey" value="externaltools" />
		<property name="nodeIdentifierIfParent" value="externalToolsParent" />
		<property name="translationPackage" value="org.olat.admin" />
		<property name="i18nActionKey" value="menu.external.tools" />
		<property name="i18nDescriptionKey" value="menu.external.tools.alt" />
		<property name="extensionPoints">
			<list>
				<value>org.olat.admin.SystemAdminMainController</value>
			</list>
		</property>
	</bean>
	
	<!-- Customizing parent node -->
	<bean class="org.olat.core.extensions.action.GenericActionExtension" init-method="initExtensionPoints">
		<property name="order" value="7500" />
		<property name="navigationKey" value="customizing" />
		<property name="nodeIdentifierIfParent" value="sysAdminMenueNodeCustomizing" />
		<property name="i18nActionKey" value="menu.parent.customizing"/>
		<property name="i18nDescriptionKey" value="menu.parent.customizing.alt"/>
		<property name="translationPackage" value="org.olat.admin"/>
		<property name="extensionPoints">
			<list>	
				<value>org.olat.admin.SystemAdminMainController</value>		
			</list>
		</property>
	</bean>
	
	<!-- The devel menu point -->
	<bean class="org.olat.core.extensions.action.GenericActionExtension" init-method="initExtensionPoints">
		<property name="order" value="15100" />
		<property name="navigationKey" value="devel" />
		<property name="nodeIdentifierIfParent" value="develParent" />
		<property name="translationPackage" value="org.olat.admin" />
		<property name="i18nActionKey" value="menu.devel" />
		<property name="i18nDescriptionKey" value="menu.devel.alt" />
		<property name="extensionPoints">
			<list>
				<value>org.olat.admin.SystemAdminMainController</value>
			</list>
		</property>
	</bean>
	
	<bean class="org.olat.core.extensions.action.GenericActionExtension"  init-method="initExtensionPoints">
			<property name="order" value="7110" />
			<property name="actionController">	
				<bean class="org.olat.core.gui.control.creator.AutoCreator" scope="prototype">
					<property name="className" value="org.olat.admin.sysinfo.InfoMessageControllerSingleVM"/>
				</bean>
			</property>
			<property name="navigationKey" value="sysinfo" />
			<property name="parentTreeNodeIdentifier" value="systemParent" /> 
			<property name="translationPackage" value="org.olat.admin"/>
			<property name="i18nActionKey" value="menu.infomsg"/>
			<property name="i18nDescriptionKey" value="menu.infomsg.alt"/>
			<property name="extensionPoints">
				<list>	
					<value>org.olat.admin.SystemAdminMainController</value>		
				</list>
			</property>
	</bean>
	
	<!-- System / user sessions -->
	<bean class="org.olat.core.extensions.action.GenericActionExtension"  init-method="initExtensionPoints">
			<property name="order" value="7120" />
			<property name="actionController">	
				<bean class="org.olat.core.gui.control.creator.AutoCreator" scope="prototype">
					<property name="className" value="org.olat.admin.sysinfo.UserSessionAdminController"/>
				</bean>
			</property>
			<property name="navigationKey" value="sessions" />
			<property name="parentTreeNodeIdentifier" value="systemParent" /> 
			<property name="translationPackage" value="org.olat.admin"/>
			<property name="i18nActionKey" value="menu.session"/>
			<property name="i18nDescriptionKey" value="menu.session.alt"/>
			<property name="extensionPoints">
				<list>	
					<value>org.olat.admin.SystemAdminMainController</value>		
				</list>
			</property>
	</bean>
	
	<!-- System / errors -->
	<bean class="org.olat.core.extensions.action.GenericActionExtension"  init-method="initExtensionPoints">
			<property name="order" value="7130" />
			<property name="actionController">	
				<bean class="org.olat.core.gui.control.creator.AutoCreator" scope="prototype">
					<property name="className" value="org.olat.admin.sysinfo.ErrorAdminController"/>
				</bean>
			</property>
			<property name="navigationKey" value="errors" />
			<property name="parentTreeNodeIdentifier" value="systemParent" /> 
			<property name="translationPackage" value="org.olat.admin"/>
			<property name="i18nActionKey" value="menu.errors"/>
			<property name="i18nDescriptionKey" value="menu.errors.alt"/>
			<property name="extensionPoints">
				<list>	
					<value>org.olat.admin.SystemAdminMainController</value>		
				</list>
			</property>
	</bean>

	<!-- System / caches -->
	<bean class="org.olat.core.extensions.action.GenericActionExtension"  init-method="initExtensionPoints">
			<property name="order" value="7140" />
			<property name="actionController">	
				<bean class="org.olat.core.gui.control.creator.AutoCreator" scope="prototype">
					<property name="className" value="org.olat.admin.cache.AllCachesController"/>
				</bean>
			</property>
			<property name="navigationKey" value="caches" />
			<property name="parentTreeNodeIdentifier" value="systemParent" /> 
			<property name="translationPackage" value="org.olat.admin"/>
			<property name="i18nActionKey" value="menu.caches"/>
			<property name="i18nDescriptionKey" value="menu.caches.alt"/>
			<property name="extensionPoints">
				<list>	
					<value>org.olat.admin.SystemAdminMainController</value>		
				</list>
			</property>
	</bean>
	
	<!-- System / locks -->
	<bean class="org.olat.core.extensions.action.GenericActionExtension"  init-method="initExtensionPoints">
			<property name="order" value="7150" />
			<property name="actionController">	
				<bean class="org.olat.core.gui.control.creator.AutoCreator" scope="prototype">
					<property name="className" value="org.olat.admin.sysinfo.LockController"/>
				</bean>
			</property>
			<property name="navigationKey" value="locks" />
			<property name="parentTreeNodeIdentifier" value="systemParent" /> 
			<property name="translationPackage" value="org.olat.admin"/>
			<property name="i18nActionKey" value="menu.lock"/>
			<property name="i18nDescriptionKey" value="menu.lock.alt"/>
			<property name="extensionPoints">
				<list>	
					<value>org.olat.admin.SystemAdminMainController</value>		
				</list>
			</property>
	</bean>
	
	<!-- System / hibernate -->
	<bean class="org.olat.core.extensions.action.GenericActionExtension"  init-method="initExtensionPoints">
			<property name="order" value="7160" />
			<property name="actionController">	
				<bean class="org.olat.core.gui.control.creator.AutoCreator" scope="prototype">
					<property name="className" value="org.olat.admin.sysinfo.DatabaseController"/>
				</bean>
			</property>
			<property name="navigationKey" value="hibernate" />
			<property name="parentTreeNodeIdentifier" value="systemParent" /> 
			<property name="translationPackage" value="org.olat.admin"/>
			<property name="i18nActionKey" value="menu.hibernate"/>
			<property name="i18nDescriptionKey" value="menu.hibernate.alt"/>
			<property name="extensionPoints">
				<list>	
					<value>org.olat.admin.SystemAdminMainController</value>		
				</list>
			</property>
	</bean>
	
	<!-- System / java -->
	<bean class="org.olat.core.extensions.action.GenericActionExtension"  init-method="initExtensionPoints">
			<property name="order" value="7170" />
			<property name="actionController">	
				<bean class="org.olat.core.gui.control.creator.AutoCreator" scope="prototype">
					<property name="className" value="org.olat.admin.sysinfo.JavaVMController"/>
				</bean>
			</property>
			<property name="navigationKey" value="javavm" />
			<property name="parentTreeNodeIdentifier" value="systemParent" /> 
			<property name="translationPackage" value="org.olat.admin"/>
			<property name="i18nActionKey" value="menu.javavm"/>
			<property name="i18nDescriptionKey" value="menu.javavm.alt"/>
			<property name="extensionPoints">
				<list>	
					<value>org.olat.admin.SystemAdminMainController</value>		
				</list>
			</property>
	</bean>
	
	<!-- System / cluster -->
	<bean class="org.olat.commons.coordinate.cluster.jms.ClusterActionExtension"  init-method="initExtensionPoints">
			<property name="clusterMode" value="${cluster.mode}"/>
			<property name="order" value="7180" />
			<property name="actionController">	
				<bean class="org.olat.core.gui.control.creator.AutoCreator" scope="prototype">
					<property name="className" value="org.olat.commons.coordinate.cluster.jms.ClusterAdminControllerCluster"/>
				</bean>
			</property>
			<property name="navigationKey" value="clusters" />
			<property name="parentTreeNodeIdentifier" value="systemParent" /> 
			<property name="translationPackage" value="org.olat.admin"/>
			<property name="i18nActionKey" value="menu.cluster"/>
			<property name="i18nDescriptionKey" value="menu.cluster.alt"/>
			<property name="extensionPoints">
				<list>	
					<value>org.olat.admin.SystemAdminMainController</value>		
				</list>
			</property>
	</bean>
	
	<!-- Privacy admin. panel -->
	<bean class="org.olat.core.extensions.action.GenericActionExtension" init-method="initExtensionPoints">
		<property name="order" value="7423" />
		<property name="actionController">	
			<bean class="org.olat.core.gui.control.creator.AutoCreator" scope="prototype">
				<property name="className" value="org.olat.admin.privacy.PrivacyAdminController"/>
			</bean>
		</property>
		<property name="navigationKey" value="privacy" />
		<property name="i18nActionKey" value="admin.menu.title"/>
		<property name="i18nDescriptionKey" value="admin.menu.title.alt"/>
		<property name="translationPackage" value="org.olat.admin.privacy"/>
		<property name="parentTreeNodeIdentifier" value="modulesParent" /> 
		<property name="extensionPoints">
			<list>	
				<value>org.olat.admin.SystemAdminMainController</value>		
			</list>
		</property>
	</bean> 

	
	<!--  the layout ("Darstellung")  menu-entry -->
	<bean class="org.olat.core.extensions.action.GenericActionExtension"  init-method="initExtensionPoints">
			<property name="order" value="7201" />
			<property name="actionController">	
				<bean class="org.olat.core.gui.control.creator.AutoCreator" scope="prototype">
					<property name="className" value="org.olat.admin.layout.LayoutAdminController"/>
				</bean>
			</property>
			<property name="navigationKey" value="layout" />
			<property name="translationPackage" value="org.olat.admin"/>
			<property name="i18nActionKey" value="menu.layout"/>
			<property name="i18nDescriptionKey" value="menu.layout.alt"/>
			<property name="parentTreeNodeIdentifier" value="sysAdminMenueNodeCustomizing" /> 
			<property name="extensionPoints">
				<list>	
					<value>org.olat.admin.SystemAdminMainController</value>		
				</list>
			</property>
	</bean>
	<!--  the i18n ("sprachen") menu-entry -->
	<bean class="org.olat.core.extensions.action.GenericActionExtension" init-method="initExtensionPoints" >
		<property name="order" value="7202" />
		<property name="navigationKey" value="i18n" />
		<property name="actionController">	
			<bean class=" org.olat.core.gui.control.creator.FactoryControllerCreator" scope="prototype">
				<property name="factoryName" value="org.olat.core.util.i18n.ui.I18nUIFactory"/>
				<property name="factoryMethod" value="createI18nConfigurationController" />
			</bean>
		</property>
		<property name="translationPackage" value="org.olat.admin" />
		<property name="i18nActionKey" value="menu.i18n"/>
		<property name="i18nDescriptionKey" value="menu.i18n.alt"/>
		<property name="parentTreeNodeIdentifier" value="sysconfigParent" /> 
		<property name="extensionPoints">
			<list>	
				<value>org.olat.admin.SystemAdminMainController</value>		
			</list>
		</property>
	</bean>
	<!--  the quota menu-entry -->
	<bean class="org.olat.core.extensions.action.GenericActionExtension" init-method="initExtensionPoints" >
		<property name="order" value="7203" />
		<property name="navigationKey" value="quota" />
		<property name="actionController">	
			<bean class="org.olat.core.gui.control.creator.AutoCreator" scope="prototype">
				<property name="className" value="org.olat.admin.quota.QuotaController"/>
			</bean>
		</property>
		<property name="translationPackage" value="org.olat.admin" />
		<property name="i18nActionKey" value="menu.quota"/>
		<property name="i18nDescriptionKey" value="menu.quota.alt"/>
		<property name="parentTreeNodeIdentifier" value="sysconfigParent" /> 
		<property name="extensionPoints">
			<list>	
				<value>org.olat.admin.SystemAdminMainController</value>		
			</list>
		</property>
	</bean>
	<!-- Security admin. panel -->
	<bean class="org.olat.core.extensions.action.GenericActionExtension" init-method="initExtensionPoints">
		<property name="order" value="8805" />
		<property name="actionController">	
			<bean class="org.olat.core.gui.control.creator.AutoCreator" scope="prototype">
				<property name="className" value="org.olat.admin.security.SecurityAdminController"/>
			</bean>
		</property>
		<property name="navigationKey" value="secadmin" />
		<property name="i18nActionKey" value="admin.menu.title"/>
		<property name="i18nDescriptionKey" value="admin.menu.title.alt"/>
		<property name="translationPackage" value="org.olat.admin.security"/>
		<property name="parentTreeNodeIdentifier" value="loginAndSecurityParent" /> 
		<property name="extensionPoints">
			<list>	
				<value>org.olat.admin.SystemAdminMainController</value>		
			</list>
		</property>
	</bean>
	
	<!--  the folder menu-entry (reset thumbnails...) -->
	<bean class="org.olat.core.extensions.action.GenericActionExtension" init-method="initExtensionPoints" >
		<property name="order" value="7212" />
		<property name="navigationKey" value="briefcase" />
		<property name="actionController">	
			<bean class="org.olat.core.gui.control.creator.AutoCreator" scope="prototype">
				<property name="className" value="org.olat.admin.bc.BriefcaseAdminController"/>
			</bean>
		</property>
		<property name="translationPackage" value="org.olat.admin" />
		<property name="i18nActionKey" value="menu.bc"/>
		<property name="i18nDescriptionKey" value="menu.bc.alt"/>
		<property name="parentTreeNodeIdentifier" value="sysconfigParent" /> 
		<property name="extensionPoints">
			<list>	
				<value>org.olat.admin.SystemAdminMainController</value>		
			</list>
		</property>
	</bean>
	
	<!-- the REST API menu-entry -->
	<bean class="org.olat.core.extensions.action.GenericActionExtension" init-method="initExtensionPoints">
		<property name="order" value="7206" />
		<property name="navigationKey" value="restapi" />
		<property name="actionController">	
			<bean class="org.olat.core.gui.control.creator.AutoCreator" scope="prototype">
				<property name="className" value="org.olat.admin.restapi.RestapiAdminController"/>
			</bean>
		</property>
		<property name="i18nActionKey" value="menu.restapi"/>
		<property name="i18nDescriptionKey" value="menu.restapi.alt"/>
		<property name="translationPackage" value="org.olat.admin"/>
		<property name="extensionPoints">
			<list>	
				<value>org.olat.admin.SystemAdminMainController</value>		
			</list>
		</property>
		<property name="parentTreeNodeIdentifier" value="sysconfigParent" /> 
	</bean>
	<!--  the spring-extensions ("Software Module") menu-entry -->
	<bean class="org.olat.core.extensions.action.GenericActionExtension" init-method="initExtensionPoints">
			<property name="order" value="7207" />
			<property name="actionController">	
				<bean class="org.olat.core.gui.control.creator.AutoCreator" scope="prototype">
					<property name="className" value="org.olat.admin.extensions.ExtensionsAdminController"/>
				</bean>
			</property>
			<property name="navigationKey" value="extensions" />
			<property name="i18nActionKey" value="menu.extensions"/>
			<property name="i18nDescriptionKey" value="menu.extensions.alt"/>
			<property name="translationPackage" value="org.olat.admin"/>
			<property name="extensionPoints">
				<list>	
					<value>org.olat.admin.SystemAdminMainController</value>		
				</list>
			</property>
			<property name="parentTreeNodeIdentifier" value="develParent" /> 
	</bean>	

	<!--  the ("einrichten")  menu-entry -->
	<bean class="org.olat.core.extensions.action.GenericActionExtension"  init-method="initExtensionPoints">
	<property name="order" value="7211" />
		<property name="actionController">	
			<bean class="org.olat.core.gui.control.creator.AutoCreator" scope="prototype">
				<property name="className" value="org.olat.core.configuration.SetupPropertiesController"/>
			</bean>
		</property>
		<property name="navigationKey" value="properties" />
		<property name="i18nActionKey" value="main.menu.title"/>
		<property name="i18nDescriptionKey" value="main.menu.title.alt"/>
		<property name="extensionPoints">
			<list>	
				<value>org.olat.admin.SystemAdminMainController</value>		
			</list>
		</property>
		<property name="parentTreeNodeIdentifier" value="develParent" /> 
	</bean>
			
		
		
		
		
		<!-- Devel / Advanced properties -->
		<bean class="org.olat.core.extensions.action.GenericActionExtension" init-method="initExtensionPoints">
			<property name="order" value="7500" />
			<property name="actionController">	
				<bean class="org.olat.core.gui.control.creator.AutoCreator" scope="prototype">
					<property name="className" value="org.olat.admin.properties.AdvancedPropertiesController"/>
				</bean>
			</property>
			<property name="navigationKey" value="advancedproperties" />
		<property name="parentTreeNodeIdentifier" value="develParent" /> 
			<property name="i18nActionKey" value="menu.advancedproperties"/>
			<property name="i18nDescriptionKey" value="menu.advancedproperties.alt"/>
			<property name="translationPackage" value="org.olat.admin"/>
			<property name="extensionPoints">
				<list>	
					<value>org.olat.admin.SystemAdminMainController</value>		
				</list>
			</property>
		</bean>	

	
		<!-- Customizin / "Sprachanpassungswerkzeug" -->
		<bean class="org.olat.core.extensions.action.GenericActionExtension" init-method="initExtensionPoints">
			<property name="order" value="7401" />
			<property name="actionController">
				<bean class="org.olat.core.gui.control.creator.FactoryControllerCreator" scope="prototype">
					<property name="factoryName" value="org.olat.core.util.i18n.ui.I18nUIFactory"/>
					<property name="factoryMethod" value="createTranslationToolLauncherController"/>
				</bean>
			</property>
			<property name="navigationKey" value="translation" />
			<property name="translationPackage" value="org.olat.core.util.i18n.ui" />
			<property name="i18nActionKey" value="start.customize.title"/>
			<property name="i18nDescriptionKey" value="launch.title"/>
			<property name="extensionPoints">
				<list>	
					<value>org.olat.admin.SystemAdminMainController</value>		
				</list>
			</property>
			<property name="parentTreeNodeIdentifier" value="sysAdminMenueNodeCustomizing" />
		</bean>
		
		<!-- System registration -->
		<bean class="org.olat.core.extensions.action.GenericActionExtension" init-method="initExtensionPoints">
			<property name="order" value="7402" />
			<property name="actionController">
				<bean class="org.olat.core.gui.control.creator.AutoCreator" scope="prototype">
					<property name="className" value="org.olat.admin.registration.SystemRegistrationAdminController"/>
				</bean>
			</property>
			<property name="navigationKey" value="registration" />
			<property name="translationPackage" value="org.olat.admin" />
			<property name="i18nActionKey" value="menu.registration"/>
			<property name="i18nDescriptionKey" value="menu.registration.alt"/>
			<property name="extensionPoints">
				<list>	
					<value>org.olat.admin.SystemAdminMainController</value>		
				</list>
			</property>
			<property name="parentTreeNodeIdentifier" value="sysAdminMenueNodeCustomizing" />
		</bean>	
		
		<!--  statistics -->
		<bean class="org.olat.core.extensions.action.GenericActionExtension" init-method="initExtensionPoints">
			<property name="order" value="7301" />
			<property name="actionController">	
				<bean class="org.olat.core.gui.control.creator.AutoCreator" scope="prototype">
					<property name="className" value="org.olat.admin.statistics.StatisticsAdminController"/>
				</bean>
			</property>
			<property name="navigationKey" value="statistics" />
			<property name="parentTreeNodeIdentifier" value="sysconfigParent" />
			<property name="i18nActionKey" value="menu.statistics"/>
			<property name="i18nDescriptionKey" value="menu.statistics.alt"/>
			<property name="translationPackage" value="org.olat.admin"/>
			<property name="extensionPoints">
				<list>	
					<value>org.olat.admin.SystemAdminMainController</value>		
				</list>
			</property>
		</bean>
		
		<!--  search admin ("volltextsuche")   -->
		<bean class="org.olat.core.extensions.action.GenericActionExtension" init-method="initExtensionPoints">
			<property name="order" value="7302" />
			<property name="actionController">	
				<bean class="org.olat.core.gui.control.creator.AutoCreator" scope="prototype">
					<property name="className" value="org.olat.admin.search.SearchAdminController"/>
				</bean>
			</property>
			<property name="navigationKey" value="search" />
			<property name="parentTreeNodeIdentifier" value="sysconfigParent" />
			<property name="i18nActionKey" value="menu.search"/>
			<property name="i18nDescriptionKey" value="menu.search.alt"/>
			<property name="translationPackage" value="org.olat.admin"/>
			<property name="extensionPoints">
				<list>	
					<value>org.olat.admin.SystemAdminMainController</value>		
				</list>
			</property>
		</bean>	
		
		<!--  ("benachrichtigungen") -->
		<bean class="org.olat.core.extensions.action.GenericActionExtension" init-method="initExtensionPoints">
			<property name="order" value="7303" />
			<property name="actionController">	
				<bean class="org.olat.core.gui.control.creator.AutoCreator" scope="prototype">
					<property name="className" value="org.olat.admin.notifications.NotificationsEmailAdminController"/>
				</bean>
			</property>
			<property name="navigationKey" value="notifications" />
			<property name="parentTreeNodeIdentifier" value="sysconfigParent" />
			<property name="i18nActionKey" value="menu.notifications"/>
			<property name="i18nDescriptionKey" value="menu.notifications.alt"/>
			<property name="translationPackage" value="org.olat.admin"/>
			<property name="extensionPoints">
				<list>	
					<value>org.olat.admin.SystemAdminMainController</value>		
				</list>
			</property>
		</bean>	
		
		<!--  user  bulk-pw change  ("OLAT password") -->
		<bean class="org.olat.core.extensions.action.GenericActionExtension" init-method="initExtensionPoints">
			<property name="order" value="7304" />
			<property name="actionController">	
				<bean class="org.olat.core.gui.control.creator.AutoCreator" scope="prototype">
					<property name="className" value="org.olat.admin.user.bulkChange.UserBulkChangePasswordController"/>
				</bean>
			</property>
			<property name="navigationKey" value="userbulkchangepw" />
			<property name="i18nActionKey" value="main.menu.title"/>
			<property name="i18nDescriptionKey" value="main.menu.title.alt"/>
			<property name="extensionPoints">
				<list>	
					<value>org.olat.admin.SystemAdminMainController</value>		
				</list>
			</property>
			<property name="parentTreeNodeIdentifier" value="sysconfigParent" />
		</bean>		



				
	<!-- Extensions in Statistic 
		the first extension is text only and can be created with the most "generic" framework classes 
		(GenericActionExtension, AutoCreator) the second extension is a real statistic (extension) which needs the 
		StatisticMainController's context, so far (2009-12-31) the Long representing the course resourceableId -->	
		
		<!--  the first bean here is the description page which you get when you open the statistics tool -->
		<bean class="org.olat.core.extensions.action.GenericActionExtension" init-method="initExtensionPoints">
			<property name="order" value="3" />
			<property name="actionController">	
				<bean class="org.olat.core.gui.control.creator.AutoCreator" scope="prototype">
					<property name="className" value="org.olat.course.statistic.StatisticMainDescription"/>
				</bean>
			</property>
			<property name="i18nActionKey" value="main.menu.title"/>
			<property name="i18nDescriptionKey" value="main.menu.title.alt"/>
			<property name="extensionPoints">
				<list>	
					<value>org.olat.course.statistic.StatisticMainController</value>		
				</list>
			</property>
		</bean>
		
		<bean class="org.olat.course.statistic.StatisticActionExtension" init-method="initExtensionPoints" id="dailyextension">
			<property name="actionController">	
				<bean class="org.olat.course.statistic.StatisticAutoCreator" scope="prototype">
					<property name="className" value="org.olat.course.statistic.daily.DailyStatisticDisplayController"/>
					<property name="statisticManager">
						<bean class="org.olat.course.statistic.daily.DailyStatisticManager" />
					</property>
				</bean>
			</property>
			<property name="i18nActionKey" value="menu.createstatfile"/>
			<property name="i18nDescriptionKey" value="menu.createstatfile.alt"/>
			<!--  the translationPackage is used to make sure the i18n properties are read from the right package  -->
			<property name="translationPackage" value="org.olat.course.statistic.daily"/>
			<property name="extensionPoints">
				<list>	
					<value>org.olat.course.statistic.StatisticMainController</value>		
				</list>
			</property>
			<property name="order" value="4" />
		</bean>
		
		<bean class="org.olat.course.statistic.StatisticActionExtension" init-method="initExtensionPoints" id="weeklyextension">
			<property name="actionController">	
				<bean class="org.olat.course.statistic.StatisticAutoCreator" scope="prototype">
					<property name="className" value="org.olat.course.statistic.weekly.WeeklyStatisticDisplayController"/>
					<property name="statisticManager">
						<bean class="org.olat.course.statistic.weekly.WeeklyStatisticManager"/>
					</property>
				</bean>
			</property>
			<property name="i18nActionKey" value="menu.createstatfile"/>
			<property name="i18nDescriptionKey" value="menu.createstatfile.alt"/>
			<!--  the translationPackage is used to make sure the i18n properties are read from the right package  -->
			<property name="translationPackage" value="org.olat.course.statistic.weekly"/>
			<property name="extensionPoints">
				<list>	
					<value>org.olat.course.statistic.StatisticMainController</value>		
				</list>
			</property>
			<property name="order" value="5" />
		</bean>
		


		<bean class="org.olat.course.statistic.StatisticActionExtension" init-method="initExtensionPoints" id="dayofweekextension">
			<property name="actionController">	
				<bean class="org.olat.course.statistic.StatisticAutoCreator" scope="prototype">
					<property name="className" value="org.olat.course.statistic.StatisticDisplayController"/>
					<property name="statisticManager">
						<bean class="org.olat.course.statistic.dayofweek.DayOfWeekStatisticManager" />
					</property>	
				</bean>
			</property>
			<property name="i18nActionKey" value="menu.createstatfile"/>
			<property name="i18nDescriptionKey" value="menu.createstatfile.alt"/>
			<!--  the translationPackage is used to make sure the i18n properties are read from the right package  -->
			<property name="translationPackage" value="org.olat.course.statistic.dayofweek"/>
			<property name="extensionPoints">
				<list>	
					<value>org.olat.course.statistic.StatisticMainController</value>		
				</list>
			</property>		 
			<property name="order" value="6" />
		</bean>



		<bean class="org.olat.course.statistic.StatisticActionExtension" init-method="initExtensionPoints" id="hourofdayextension">
			<property name="actionController">	
				<bean class="org.olat.course.statistic.StatisticAutoCreator" scope="prototype">
					<property name="className" value="org.olat.course.statistic.StatisticDisplayController"/>
					<property name="statisticManager">
						<bean class="org.olat.course.statistic.hourofday.HourOfDayStatisticManager" />	
					</property>
				</bean>
			</property>
			<property name="i18nActionKey" value="menu.createstatfile"/>
			<property name="i18nDescriptionKey" value="menu.createstatfile.alt"/>
			<!--  the translationPackage is used to make sure the i18n properties are read from the right package  -->
			<property name="translationPackage" value="org.olat.course.statistic.hourofday"/>
			<property name="extensionPoints">
				<list>	
					<value>org.olat.course.statistic.StatisticMainController</value>		
				</list>
			</property>		 
			<property name="order" value="7" />
		</bean>
		
	<!-- template for extension of type GenericActionExtension
		<bean id="NAMEIToptional" class="org.olat.core.extensions.action.GenericActionExtension" init-method="initExtensionPoints">
			<property name="actionController">	
				<bean class="org.olat.core.gui.control.creator.AutoCreator" scope="prototype">
					<property name="className" value="YOUREXTENSIONCONTROLLER"/>
				</bean>
			</property>
		<#if your controller gets created by a factory, use following fragment instead AutoCreator above:  #>
			<property name="actionController">
				<bean class="org.olat.core.gui.control.creator.FactoryControllerCreator" scope="prototype">
					<property name="factoryName" value="YourFactoryName"/>
					<property name="factoryMethod" value="createLauncherControllerMethodInYourFactory"/>
				</bean>
			</property>
			
			
			<# optional, if none provided: Package of the controller will be used #>
			<property name="translationPackage" value="packageWithTranslations" />
			<# optional, if none provided: <translationPackage>.menu.title will be used #>
			<property name="i18nActionKey" value="thisItem.title"/>
			<# optional, if none provided: <translationPackage>.menu.title.alt will be used #>
			<property name="i18nDescriptionKey" value="thisItem.title.alt"/>
			
			<property name="securityCallbackClassName" value="org.olat.core.extensions.action.ActionExtensionSecurityCallback"/>
			
			<property name="extensionPoints">
				<list>	
					<value>org.olat.admin.SystemAdminMainController</value>		
					<value>other Points where it should be</value>		
				</list>
			</property>
			# the parent actionExtension must have a lower order-value to be loaded before the children!
			<property name="nodeIdentifierIfParent" value="someUniqueKey" />
			<property name="parentTreeNodeIdentifier" value="ifChild-point-to-someUniqueKey-from-parent" />
			<property name="order" value="38" />
		</bean>	 -->

</beans>