<?xml version="1.0" encoding="UTF-8"?>
<beans xmlns="http://www.springframework.org/schema/beans"
	xmlns:xsi="http://www.w3.org/2001/XMLSchema-instance"
	xsi:schemaLocation="
  http://www.springframework.org/schema/beans 
  http://www.springframework.org/schema/beans/spring-beans-3.0.xsd">

<!-- ####################################### -->
<!-- # VIRTUAL CLASSROOM SERVICE PROVIDERS # -->
<!-- ####################################### -->

	<!-- Activation of the providers -->
	<bean id="vcProviderFactory" class="de.bps.course.nodes.vc.provider.VCProviderFactory" scope="singleton">
		<property name="registeredProviders">
			<list value-type="de.bps.course.nodes.vc.provider.VCProvider">
				<ref bean="adobeProvider" />
				<ref bean="wimbaProvider" />
			</list>
		</property>
	</bean>
	
	<!-- Definition of the providers -->
	<bean id="wimbaProvider" class="de.bps.course.nodes.vc.provider.wimba.WimbaClassroomProvider">
		<property name="enabled" value="${vc.wimba.enabled}" />
		<property name="providerId" value="wimba" />
		<property name="displayName" value="Wimba Classroom" />
		<property name="protocol" value="${vc.wimba.protocol}" />
		<property name="port" value="${vc.wimba.port}" />
		<property name="baseUrl" value="${vc.wimba.baseurl}" />
		<property name="adminLogin" value="${vc.wimba.adminlogin}" />
		<property name="adminPassword" value="${vc.wimba.adminpassword}" />
		<!-- Options -->
		<property name="defaultConfig">
			<ref bean="wimbaDefaultConfig" />
		</property>
	</bean>
	
	<bean id="adobeProvider" class="de.bps.course.nodes.vc.provider.adobe.AdobeConnectProvider">
		<property name="enabled" value="${vc.adobe.enabled}" />
		<property name="providerId" value="adobe" />
		<property name="displayName" value="Adobe Connect" />
		<property name="protocol" value="${vc.adobe.protocol}" />
		<property name="port" value="${vc.adobe.port}" />
		<property name="baseUrl" value="${vc.adobe.baseurl}" />
		<property name="adminLogin" value="${vc.adobe.adminlogin}" />
		<property name="adminPassword" value="${vc.adobe.adminpassword}" />
		<property name="accountId" value="${vc.adobe.accountid}" />
		<property name="templates"><!-- optional -->
			<map key-type="java.lang.String" value-type="java.lang.String">
				<entry value="${vc.template.name.0}" key="${vc.template.key.0}" />
				<entry value="${vc.template.name.1}" key="${vc.template.key.1}" />
				<entry value="${vc.template.name.2}" key="${vc.template.key.2}" />
			</map>
		</property>
		<property name="showOptions" value="${vc.adobe.showoptions}" />
		<!-- type of user accounts, allowed values are: guest, user -->
		<property name="userType" value="${vc.adobe.usertype}" />
		<!-- Options -->
		<property name="defaultConfig">
			<ref bean="adobeDefaultConfig" />
		</property>
	</bean>

<!-- ################################## -->
<!-- # VIRTUAL CLASSROOM SERVICE JOBS # -->
<!-- ################################## -->
	<bean id="adobeCleanupJob" class="org.springframework.scheduling.quartz.CronTriggerFactoryBean">
    	<property name="jobDetail">
    		<bean class="org.springframework.scheduling.quartz.JobDetailFactoryBean">
				<property name="jobClass" value="de.bps.course.nodes.vc.provider.adobe.AdobeConnectCleanupJob" />
				<property name="jobDataAsMap">
				    <map>
						<entry key="providerId" value="adobe" />
						<entry key="daysToKeep" value="${vc.adobe.daysToKeep}" />
						<entry key="cleanupMeetings" value="${vc.adobe.cleanupMeetings}" />
						<entry key="cleanupModerators" value="${vc.adobe.cleanupModerators}" />
				    </map>
			  	</property>
			</bean>
    	</property>
    	<property name="cronExpression" value="0 0 2 * * ?"/><!-- 2am, daily -->
    	<property name="startDelay" value="45000" />
	</bean>
	
</beans>