<?xml version="1.0" encoding="UTF-8"?>
<beans xmlns="http://www.springframework.org/schema/beans"
	xmlns:xsi="http://www.w3.org/2001/XMLSchema-instance"
	xsi:schemaLocation="
  http://www.springframework.org/schema/beans 
  http://www.springframework.org/schema/beans/spring-beans.xsd">
	
	<bean class="org.olat.core.extensions.action.GenericActionExtension" init-method="initExtensionPoints">
		<property name="order" value="7206" />
		<property name="navigationKey" value="landingpages" />
		<property name="actionController">	
			<bean class="org.olat.core.gui.control.creator.AutoCreator" scope="prototype">
				<property name="className" value="org.olat.admin.landingpages.ui.LandingPagesAdminController"/>
			</bean>
		</property>
		<property name="i18nActionKey" value="menu.landingpages"/>
		<property name="i18nDescriptionKey" value="menu.landingpages.alt"/>
		<property name="translationPackage" value="org.olat.admin"/>
		<property name="extensionPoints">
			<list>	
				<value>org.olat.admin.SystemAdminMainController</value>		
			</list>
		</property>
		<property name="parentTreeNodeIdentifier" value="sysconfigParent" /> 
	</bean>	
             
</beans>