<?xml version="1.0" encoding="UTF-8"?>
<!DOCTYPE hibernate-mapping PUBLIC "-//Hibernate/Hibernate Mapping DTD//EN" "http://www.hibernate.org/dtd/hibernate-mapping-3.0.dtd">
<hibernate-mapping default-lazy="false">
	<class name="de.bps.olat.modules.cl.CheckpointResult" table="o_checkpoint_results">
	
		<id name="key" column="checkpoint_result_id" type="long" unsaved-value="null">
		<generator class="enhanced-sequence">
			<param name="sequence_name">hibernate_unique_key</param>
			<param name="force_table_use">true</param>
			<param name="optimizer">legacy-hilo</param>
			<param name="value_column">next_hi</param>
			<param name="increment_size">32767</param>
			<param name="initial_value">32767</param>
		</generator>
		</id>
		
		<property  name="version" column="version" type="int" not-null="true" access="field"/>
		<property  name="lastModified" column="lastmodified" type="timestamp" />
		<property  name="result" column="result" type="boolean" not-null="true" access="field"/>
		
		<property name="identityId" column="identity_fk" not-null="true" />
		
		<many-to-one name="checkpoint" column="checkpoint_fk" class="de.bps.olat.modules.cl.Checkpoint" not-null="true" />
		
	</class>
</hibernate-mapping>