<?xml version="1.0" encoding="UTF-8"?>
<beans xmlns="http://www.springframework.org/schema/beans"
	xmlns:xsi="http://www.w3.org/2001/XMLSchema-instance"
	xsi:schemaLocation="
  http://www.springframework.org/schema/beans 
  http://www.springframework.org/schema/beans/spring-beans-3.0.xsd">
  
	<bean id="vc" class="de.bps.course.nodes.vc.VCCourseNodeConfiguration" scope="prototype">
		<property name="enabled" value="${course.node.vc.enabled}" />
		<property name="order"   value="300" />
		<property name="alternativeCourseNodes">
			<list>
				<value>openmeetings</value>
			</list>
		</property>
	</bean>
	
</beans>